timeStamp,elapsed,label,responseCode,responseMessage,threadName,dataType,success,failureMessage,bytes,sentBytes,grpThreads,allThreads,URL,Latency,IdleTime,Connect
1745479186988,563,HTTP Request,200,OK,Thread Group conf 3 1-3,text,false,"The operation lasted too long: It took 563 milliseconds, but should not have lasted longer than 560 milliseconds.",231,158,5,5,http://localhost:8080/?token=495352458&user=-2105144270&config=3,563,0,1
1745479186988,563,HTTP Request,200,OK,Thread Group conf 3 1-2,text,false,"The operation lasted too long: It took 563 milliseconds, but should not have lasted longer than 560 milliseconds.",231,158,5,5,http://localhost:8080/?token=495352458&user=-2105144270&config=3,563,0,1
1745479186988,564,HTTP Request,200,OK,Thread Group conf 3 1-4,text,false,"The operation lasted too long: It took 564 milliseconds, but should not have lasted longer than 560 milliseconds.",231,158,5,5,http://localhost:8080/?token=495352458&user=-2105144270&config=3,564,0,1
1745479186988,564,HTTP Request,200,OK,Thread Group conf 3 1-5,text,false,"The operation lasted too long: It took 564 milliseconds, but should not have lasted longer than 560 milliseconds.",231,158,5,5,http://localhost:8080/?token=495352458&user=-2105144270&config=3,564,0,2
1745479186988,566,HTTP Request,200,OK,Thread Group conf 3 1-1,text,false,"The operation lasted too long: It took 566 milliseconds, but should not have lasted longer than 560 milliseconds.",231,158,5,5,http://localhost:8080/?token=495352458&user=-2105144270&config=3,563,0,1
1745479188490,387,HTTP Request,200,OK,Thread Group conf 3 1-3,text,true,,231,158,5,5,http://localhost:8080/?token=495352458&user=-2105144270&config=3,387,0,0
1745479188496,386,HTTP Request,200,OK,Thread Group conf 3 1-5,text,true,,231,158,5,5,http://localhost:8080/?token=495352458&user=-2105144270&config=3,386,0,0
1745479188495,387,HTTP Request,200,OK,Thread Group conf 3 1-2,text,true,,231,158,5,5,http://localhost:8080/?token=495352458&user=-2105144270&config=3,387,0,0
1745479188494,388,HTTP Request,200,OK,Thread Group conf 3 1-4,text,true,,231,158,5,5,http://localhost:8080/?token=495352458&user=-2105144270&config=3,388,0,0
1745479188495,391,HTTP Request,200,OK,Thread Group conf 3 1-1,text,true,,231,158,5,5,http://localhost:8080/?token=495352458&user=-2105144270&config=3,391,0,0
1745479189993,425,HTTP Request,200,OK,Thread Group conf 3 1-5,text,true,,231,158,5,5,http://localhost:8080/?token=495352458&user=-2105144270&config=3,425,0,0
1745479189993,425,HTTP Request,200,OK,Thread Group conf 3 1-2,text,true,,231,158,5,5,http://localhost:8080/?token=495352458&user=-2105144270&config=3,425,0,0
1745479189993,425,HTTP Request,200,OK,Thread Group conf 3 1-1,text,true,,231,158,5,5,http://localhost:8080/?token=495352458&user=-2105144270&config=3,425,0,0
1745479189993,425,HTTP Request,200,OK,Thread Group conf 3 1-4,text,true,,231,158,5,5,http://localhost:8080/?token=495352458&user=-2105144270&config=3,425,0,0
1745479189993,425,HTTP Request,200,OK,Thread Group conf 3 1-3,text,true,,231,158,5,5,http://localhost:8080/?token=495352458&user=-2105144270&config=3,425,0,0
1745479191494,459,HTTP Request,200,OK,Thread Group conf 3 1-1,text,true,,231,158,5,5,http://localhost:8080/?token=495352458&user=-2105144270&config=3,459,0,0
1745479191494,460,HTTP Request,200,OK,Thread Group conf 3 1-2,text,true,,231,158,5,5,http://localhost:8080/?token=495352458&user=-2105144270&config=3,460,0,0
1745479191496,458,HTTP Request,200,OK,Thread Group conf 3 1-3,text,true,,231,158,5,5,http://localhost:8080/?token=495352458&user=-2105144270&config=3,458,0,0
1745479191496,458,HTTP Request,200,OK,Thread Group conf 3 1-4,text,true,,231,158,5,5,http://localhost:8080/?token=495352458&user=-2105144270&config=3,458,0,0
1745479191496,458,HTTP Request,200,OK,Thread Group conf 3 1-5,text,true,,231,158,5,5,http://localhost:8080/?token=495352458&user=-2105144270&config=3,458,0,0
1745479192993,498,HTTP Request,200,OK,Thread Group conf 3 1-1,text,true,,231,158,5,5,http://localhost:8080/?token=495352458&user=-2105144270&config=3,498,0,0
1745479192993,498,HTTP Request,200,OK,Thread Group conf 3 1-2,text,true,,231,158,5,5,http://localhost:8080/?token=495352458&user=-2105144270&config=3,498,0,0
1745479192994,496,HTTP Request,200,OK,Thread Group conf 3 1-4,text,true,,231,158,5,5,http://localhost:8080/?token=495352458&user=-2105144270&config=3,496,0,0
1745479192994,499,HTTP Request,200,OK,Thread Group conf 3 1-5,text,true,,231,158,5,5,http://localhost:8080/?token=495352458&user=-2105144270&config=3,499,0,0
1745479192992,498,HTTP Request,200,OK,Thread Group conf 3 1-3,text,true,,231,158,5,5,http://localhost:8080/?token=495352458&user=-2105144270&config=3,498,0,0
1745479194495,530,HTTP Request,200,OK,Thread Group conf 3 1-1,text,true,,231,158,5,5,http://localhost:8080/?token=495352458&user=-2105144270&config=3,530,0,0
1745479194493,532,HTTP Request,200,OK,Thread Group conf 3 1-3,text,true,,231,158,5,5,http://localhost:8080/?token=495352458&user=-2105144270&config=3,532,0,0
1745479194496,529,HTTP Request,200,OK,Thread Group conf 3 1-5,text,true,,231,158,5,5,http://localhost:8080/?token=495352458&user=-2105144270&config=3,529,0,0
1745479194495,530,HTTP Request,200,OK,Thread Group conf 3 1-4,text,true,,231,158,5,5,http://localhost:8080/?token=495352458&user=-2105144270&config=3,530,0,0
1745479194493,562,HTTP Request,200,OK,Thread Group conf 3 1-2,text,false,"The operation lasted too long: It took 562 milliseconds, but should not have lasted longer than 560 milliseconds.",231,158,5,5,http://localhost:8080/?token=495352458&user=-2105144270&config=3,562,0,0
1745479195993,396,HTTP Request,200,OK,Thread Group conf 3 1-3,text,true,,231,158,5,5,http://localhost:8080/?token=495352458&user=-2105144270&config=3,396,0,0
1745479195992,402,HTTP Request,200,OK,Thread Group conf 3 1-1,text,true,,231,158,5,5,http://localhost:8080/?token=495352458&user=-2105144270&config=3,402,0,0
1745479195993,401,HTTP Request,200,OK,Thread Group conf 3 1-2,text,true,,231,158,5,5,http://localhost:8080/?token=495352458&user=-2105144270&config=3,401,0,0
1745479195994,400,HTTP Request,200,OK,Thread Group conf 3 1-5,text,true,,231,158,5,5,http://localhost:8080/?token=495352458&user=-2105144270&config=3,400,0,0
1745479195993,401,HTTP Request,200,OK,Thread Group conf 3 1-4,text,true,,231,158,5,5,http://localhost:8080/?token=495352458&user=-2105144270&config=3,401,0,0
1745479197493,393,HTTP Request,200,OK,Thread Group conf 3 1-3,text,true,,231,158,5,5,http://localhost:8080/?token=495352458&user=-2105144270&config=3,393,0,0
1745479197493,393,HTTP Request,200,OK,Thread Group conf 3 1-1,text,true,,231,158,5,5,http://localhost:8080/?token=495352458&user=-2105144270&config=3,393,0,0
1745479197496,393,HTTP Request,200,OK,Thread Group conf 3 1-2,text,true,,231,158,5,5,http://localhost:8080/?token=495352458&user=-2105144270&config=3,393,0,0
1745479197497,392,HTTP Request,200,OK,Thread Group conf 3 1-4,text,true,,231,158,5,5,http://localhost:8080/?token=495352458&user=-2105144270&config=3,392,0,0
1745479197496,394,HTTP Request,200,OK,Thread Group conf 3 1-5,text,true,,231,158,5,5,http://localhost:8080/?token=495352458&user=-2105144270&config=3,394,0,0
1745479198994,373,HTTP Request,200,OK,Thread Group conf 3 1-1,text,true,,231,158,5,5,http://localhost:8080/?token=495352458&user=-2105144270&config=3,373,0,0
1745479198993,376,HTTP Request,200,OK,Thread Group conf 3 1-4,text,true,,231,158,5,5,http://localhost:8080/?token=495352458&user=-2105144270&config=3,376,0,0
1745479198995,374,HTTP Request,200,OK,Thread Group conf 3 1-5,text,true,,231,158,5,5,http://localhost:8080/?token=495352458&user=-2105144270&config=3,374,0,0
1745479198991,378,HTTP Request,200,OK,Thread Group conf 3 1-3,text,true,,231,158,5,5,http://localhost:8080/?token=495352458&user=-2105144270&config=3,378,0,0
1745479198991,379,HTTP Request,200,OK,Thread Group conf 3 1-2,text,true,,231,158,5,5,http://localhost:8080/?token=495352458&user=-2105144270&config=3,379,0,0
1745479200494,472,HTTP Request,200,OK,Thread Group conf 3 1-3,text,true,,231,158,5,5,http://localhost:8080/?token=495352458&user=-2105144270&config=3,472,0,0
1745479200494,472,HTTP Request,200,OK,Thread Group conf 3 1-1,text,true,,231,158,5,5,http://localhost:8080/?token=495352458&user=-2105144270&config=3,472,0,0
1745479200494,474,HTTP Request,200,OK,Thread Group conf 3 1-2,text,true,,231,158,5,5,http://localhost:8080/?token=495352458&user=-2105144270&config=3,474,0,0
1745479200496,473,HTTP Request,200,OK,Thread Group conf 3 1-5,text,true,,231,158,5,5,http://localhost:8080/?token=495352458&user=-2105144270&config=3,473,0,0
1745479200496,472,HTTP Request,200,OK,Thread Group conf 3 1-4,text,true,,231,158,5,5,http://localhost:8080/?token=495352458&user=-2105144270&config=3,472,0,0
1745479201991,411,HTTP Request,200,OK,Thread Group conf 3 1-1,text,true,,231,158,5,5,http://localhost:8080/?token=495352458&user=-2105144270&config=3,411,0,0
1745479201993,413,HTTP Request,200,OK,Thread Group conf 3 1-3,text,true,,231,158,5,5,http://localhost:8080/?token=495352458&user=-2105144270&config=3,413,0,0
1745479201991,415,HTTP Request,200,OK,Thread Group conf 3 1-2,text,true,,231,158,5,5,http://localhost:8080/?token=495352458&user=-2105144270&config=3,415,0,0
1745479201993,414,HTTP Request,200,OK,Thread Group conf 3 1-5,text,true,,231,158,5,5,http://localhost:8080/?token=495352458&user=-2105144270&config=3,414,0,0
1745479201994,413,HTTP Request,200,OK,Thread Group conf 3 1-4,text,true,,231,158,5,5,http://localhost:8080/?token=495352458&user=-2105144270&config=3,413,0,0
1745479203493,441,HTTP Request,200,OK,Thread Group conf 3 1-3,text,true,,231,158,5,5,http://localhost:8080/?token=495352458&user=-2105144270&config=3,441,0,0
1745479203493,442,HTTP Request,200,OK,Thread Group conf 3 1-1,text,true,,231,158,5,5,http://localhost:8080/?token=495352458&user=-2105144270&config=3,442,0,0
1745479203495,442,HTTP Request,200,OK,Thread Group conf 3 1-4,text,true,,231,158,5,5,http://localhost:8080/?token=495352458&user=-2105144270&config=3,442,0,0
1745479203495,442,HTTP Request,200,OK,Thread Group conf 3 1-2,text,true,,231,158,5,5,http://localhost:8080/?token=495352458&user=-2105144270&config=3,442,0,0
1745479203496,441,HTTP Request,200,OK,Thread Group conf 3 1-5,text,true,,231,158,5,5,http://localhost:8080/?token=495352458&user=-2105144270&config=3,441,0,0
1745479204991,441,HTTP Request,200,OK,Thread Group conf 3 1-3,text,true,,231,158,5,5,http://localhost:8080/?token=495352458&user=-2105144270&config=3,441,0,0
1745479204993,440,HTTP Request,200,OK,Thread Group conf 3 1-2,text,true,,231,158,5,5,http://localhost:8080/?token=495352458&user=-2105144270&config=3,440,0,0
1745479204991,444,HTTP Request,200,OK,Thread Group conf 3 1-5,text,true,,231,158,5,5,http://localhost:8080/?token=495352458&user=-2105144270&config=3,443,0,0
1745479204993,442,HTTP Request,200,OK,Thread Group conf 3 1-4,text,true,,231,158,5,5,http://localhost:8080/?token=495352458&user=-2105144270&config=3,442,0,0
1745479204993,439,HTTP Request,200,OK,Thread Group conf 3 1-1,text,true,,231,158,5,5,http://localhost:8080/?token=495352458&user=-2105144270&config=3,439,0,0
1745479206494,417,HTTP Request,200,OK,Thread Group conf 3 1-2,text,true,,231,158,5,5,http://localhost:8080/?token=495352458&user=-2105144270&config=3,417,0,0
1745479206492,427,HTTP Request,200,OK,Thread Group conf 3 1-1,text,true,,231,158,5,5,http://localhost:8080/?token=495352458&user=-2105144270&config=3,427,0,0
1745479206495,424,HTTP Request,200,OK,Thread Group conf 3 1-4,text,true,,231,158,5,5,http://localhost:8080/?token=495352458&user=-2105144270&config=3,424,0,0
1745479206493,426,HTTP Request,200,OK,Thread Group conf 3 1-3,text,true,,231,158,5,5,http://localhost:8080/?token=495352458&user=-2105144270&config=3,426,0,0
1745479206492,427,HTTP Request,200,OK,Thread Group conf 3 1-5,text,true,,231,158,5,5,http://localhost:8080/?token=495352458&user=-2105144270&config=3,427,0,0
1745479207996,385,HTTP Request,200,OK,Thread Group conf 3 1-1,text,true,,231,158,5,5,http://localhost:8080/?token=495352458&user=-2105144270&config=3,384,0,0
1745479207997,388,HTTP Request,200,OK,Thread Group conf 3 1-5,text,true,,231,158,5,5,http://localhost:8080/?token=495352458&user=-2105144270&config=3,388,0,0
1745479207997,388,HTTP Request,200,OK,Thread Group conf 3 1-4,text,true,,231,158,5,5,http://localhost:8080/?token=495352458&user=-2105144270&config=3,388,0,0
1745479207994,391,HTTP Request,200,OK,Thread Group conf 3 1-2,text,true,,231,158,5,5,http://localhost:8080/?token=495352458&user=-2105144270&config=3,391,0,0
1745479207998,395,HTTP Request,200,OK,Thread Group conf 3 1-3,text,true,,231,158,5,5,http://localhost:8080/?token=495352458&user=-2105144270&config=3,395,0,0
1745479209495,482,HTTP Request,200,OK,Thread Group conf 3 1-3,text,true,,231,158,5,5,http://localhost:8080/?token=495352458&user=-2105144270&config=3,482,0,0
1745479209496,482,HTTP Request,200,OK,Thread Group conf 3 1-1,text,true,,231,158,5,5,http://localhost:8080/?token=495352458&user=-2105144270&config=3,482,0,0
1745479209496,483,HTTP Request,200,OK,Thread Group conf 3 1-2,text,true,,231,158,5,5,http://localhost:8080/?token=495352458&user=-2105144270&config=3,483,0,0
1745479209497,483,HTTP Request,200,OK,Thread Group conf 3 1-5,text,true,,231,158,5,5,http://localhost:8080/?token=495352458&user=-2105144270&config=3,483,0,0
1745479209495,485,HTTP Request,200,OK,Thread Group conf 3 1-4,text,true,,231,158,5,5,http://localhost:8080/?token=495352458&user=-2105144270&config=3,485,0,0
1745479210990,390,HTTP Request,200,OK,Thread Group conf 3 1-3,text,true,,231,158,5,5,http://localhost:8080/?token=495352458&user=-2105144270&config=3,390,0,0
1745479210992,387,HTTP Request,200,OK,Thread Group conf 3 1-2,text,true,,231,158,5,5,http://localhost:8080/?token=495352458&user=-2105144270&config=3,386,0,0
1745479210994,389,HTTP Request,200,OK,Thread Group conf 3 1-5,text,true,,231,158,5,5,http://localhost:8080/?token=495352458&user=-2105144270&config=3,389,0,0
1745479210995,388,HTTP Request,200,OK,Thread Group conf 3 1-4,text,true,,231,158,5,5,http://localhost:8080/?token=495352458&user=-2105144270&config=3,388,0,0
1745479210994,389,HTTP Request,200,OK,Thread Group conf 3 1-1,text,true,,231,158,5,5,http://localhost:8080/?token=495352458&user=-2105144270&config=3,389,0,0
1745479212494,453,HTTP Request,200,OK,Thread Group conf 3 1-3,text,true,,231,158,5,5,http://localhost:8080/?token=495352458&user=-2105144270&config=3,453,0,0
1745479212494,454,HTTP Request,200,OK,Thread Group conf 3 1-1,text,true,,231,158,5,5,http://localhost:8080/?token=495352458&user=-2105144270&config=3,454,0,0
1745479212495,454,HTTP Request,200,OK,Thread Group conf 3 1-5,text,true,,231,158,5,5,http://localhost:8080/?token=495352458&user=-2105144270&config=3,454,0,0
1745479212495,452,HTTP Request,200,OK,Thread Group conf 3 1-4,text,true,,231,158,5,5,http://localhost:8080/?token=495352458&user=-2105144270&config=3,452,0,0
1745479212492,457,HTTP Request,200,OK,Thread Group conf 3 1-2,text,true,,231,158,5,5,http://localhost:8080/?token=495352458&user=-2105144270&config=3,457,0,0
1745479213991,492,HTTP Request,200,OK,Thread Group conf 3 1-1,text,true,,231,158,5,5,http://localhost:8080/?token=495352458&user=-2105144270&config=3,492,0,0
1745479213993,491,HTTP Request,200,OK,Thread Group conf 3 1-2,text,true,,231,158,5,5,http://localhost:8080/?token=495352458&user=-2105144270&config=3,491,0,0
1745479213992,493,HTTP Request,200,OK,Thread Group conf 3 1-4,text,true,,231,158,5,5,http://localhost:8080/?token=495352458&user=-2105144270&config=3,493,0,0
1745479213991,495,HTTP Request,200,OK,Thread Group conf 3 1-5,text,true,,231,158,5,5,http://localhost:8080/?token=495352458&user=-2105144270&config=3,495,0,0
1745479213992,491,HTTP Request,200,OK,Thread Group conf 3 1-3,text,true,,231,158,5,5,http://localhost:8080/?token=495352458&user=-2105144270&config=3,491,0,0
1745479215494,413,HTTP Request,200,OK,Thread Group conf 3 1-2,text,true,,231,158,5,5,http://localhost:8080/?token=495352458&user=-2105144270&config=3,413,0,0
1745479215492,421,HTTP Request,200,OK,Thread Group conf 3 1-3,text,true,,231,158,5,5,http://localhost:8080/?token=495352458&user=-2105144270&config=3,420,0,0
1745479215495,418,HTTP Request,200,OK,Thread Group conf 3 1-1,text,true,,231,158,5,5,http://localhost:8080/?token=495352458&user=-2105144270&config=3,417,0,0
1745479215495,419,HTTP Request,200,OK,Thread Group conf 3 1-5,text,true,,231,158,5,5,http://localhost:8080/?token=495352458&user=-2105144270&config=3,418,0,0
1745479215492,421,HTTP Request,200,OK,Thread Group conf 3 1-4,text,true,,231,158,5,5,http://localhost:8080/?token=495352458&user=-2105144270&config=3,421,0,0
1745479216992,791,HTTP Request,200,OK,Thread Group conf 3 1-3,text,false,"The operation lasted too long: It took 791 milliseconds, but should not have lasted longer than 560 milliseconds.",231,158,5,5,http://localhost:8080/?token=495352458&user=-2105144270&config=3,791,0,0
1745479216994,791,HTTP Request,200,OK,Thread Group conf 3 1-4,text,false,"The operation lasted too long: It took 791 milliseconds, but should not have lasted longer than 560 milliseconds.",231,158,5,5,http://localhost:8080/?token=495352458&user=-2105144270&config=3,791,0,0
1745479216994,791,HTTP Request,200,OK,Thread Group conf 3 1-5,text,false,"The operation lasted too long: It took 791 milliseconds, but should not have lasted longer than 560 milliseconds.",231,158,5,5,http://localhost:8080/?token=495352458&user=-2105144270&config=3,791,0,0
1745479216992,791,HTTP Request,200,OK,Thread Group conf 3 1-2,text,false,"The operation lasted too long: It took 791 milliseconds, but should not have lasted longer than 560 milliseconds.",231,158,5,5,http://localhost:8080/?token=495352458&user=-2105144270&config=3,791,0,0
1745479216994,890,HTTP Request,200,OK,Thread Group conf 3 1-1,text,false,"The operation lasted too long: It took 890 milliseconds, but should not have lasted longer than 560 milliseconds.",231,158,5,5,http://localhost:8080/?token=495352458&user=-2105144270&config=3,890,0,0
1745479218494,391,HTTP Request,200,OK,Thread Group conf 3 1-3,text,true,,231,158,5,5,http://localhost:8080/?token=495352458&user=-2105144270&config=3,391,0,0
1745479218493,393,HTTP Request,200,OK,Thread Group conf 3 1-2,text,true,,231,158,5,5,http://localhost:8080/?token=495352458&user=-2105144270&config=3,393,0,0
1745479218493,394,HTTP Request,200,OK,Thread Group conf 3 1-4,text,true,,231,158,5,5,http://localhost:8080/?token=495352458&user=-2105144270&config=3,394,0,0
1745479218491,396,HTTP Request,200,OK,Thread Group conf 3 1-5,text,true,,231,158,5,5,http://localhost:8080/?token=495352458&user=-2105144270&config=3,396,0,0
1745479218491,394,HTTP Request,200,OK,Thread Group conf 3 1-1,text,true,,231,158,5,5,http://localhost:8080/?token=495352458&user=-2105144270&config=3,394,0,0
1745479219994,413,HTTP Request,200,OK,Thread Group conf 3 1-3,text,true,,231,158,5,5,http://localhost:8080/?token=495352458&user=-2105144270&config=3,413,0,0
1745479219994,415,HTTP Request,200,OK,Thread Group conf 3 1-1,text,true,,231,158,5,5,http://localhost:8080/?token=495352458&user=-2105144270&config=3,415,0,0
1745479219991,419,HTTP Request,200,OK,Thread Group conf 3 1-2,text,true,,231,158,5,5,http://localhost:8080/?token=495352458&user=-2105144270&config=3,419,0,0
1745479219995,415,HTTP Request,200,OK,Thread Group conf 3 1-4,text,true,,231,158,5,5,http://localhost:8080/?token=495352458&user=-2105144270&config=3,415,0,0
1745479219991,420,HTTP Request,200,OK,Thread Group conf 3 1-5,text,true,,231,158,5,5,http://localhost:8080/?token=495352458&user=-2105144270&config=3,420,0,0
1745479221492,468,HTTP Request,200,OK,Thread Group conf 3 1-1,text,true,,231,158,5,5,http://localhost:8080/?token=495352458&user=-2105144270&config=3,468,0,0
1745479221492,468,HTTP Request,200,OK,Thread Group conf 3 1-3,text,true,,231,158,5,5,http://localhost:8080/?token=495352458&user=-2105144270&config=3,468,0,0
1745479221494,468,HTTP Request,200,OK,Thread Group conf 3 1-2,text,true,,231,158,5,5,http://localhost:8080/?token=495352458&user=-2105144270&config=3,468,0,0
1745479221494,468,HTTP Request,200,OK,Thread Group conf 3 1-4,text,true,,231,158,5,5,http://localhost:8080/?token=495352458&user=-2105144270&config=3,468,0,0
1745479221494,469,HTTP Request,200,OK,Thread Group conf 3 1-5,text,true,,231,158,5,5,http://localhost:8080/?token=495352458&user=-2105144270&config=3,469,0,0
1745479222993,402,HTTP Request,200,OK,Thread Group conf 3 1-1,text,true,,231,158,5,5,http://localhost:8080/?token=495352458&user=-2105144270&config=3,402,0,0
1745479222994,401,HTTP Request,200,OK,Thread Group conf 3 1-3,text,true,,231,158,5,5,http://localhost:8080/?token=495352458&user=-2105144270&config=3,401,0,0
1745479222994,406,HTTP Request,200,OK,Thread Group conf 3 1-4,text,true,,231,158,5,5,http://localhost:8080/?token=495352458&user=-2105144270&config=3,406,0,0
1745479222991,409,HTTP Request,200,OK,Thread Group conf 3 1-5,text,true,,231,158,5,5,http://localhost:8080/?token=495352458&user=-2105144270&config=3,409,0,0
1745479222993,407,HTTP Request,200,OK,Thread Group conf 3 1-2,text,true,,231,158,5,5,http://localhost:8080/?token=495352458&user=-2105144270&config=3,407,0,0
1745479224496,388,HTTP Request,200,OK,Thread Group conf 3 1-4,text,true,,231,158,5,5,http://localhost:8080/?token=495352458&user=-2105144270&config=3,388,0,0
1745479224493,397,HTTP Request,200,OK,Thread Group conf 3 1-1,text,true,,231,158,5,5,http://localhost:8080/?token=495352458&user=-2105144270&config=3,397,0,0
1745479224495,395,HTTP Request,200,OK,Thread Group conf 3 1-3,text,true,,231,158,5,5,http://localhost:8080/?token=495352458&user=-2105144270&config=3,395,0,0
1745479224495,395,HTTP Request,200,OK,Thread Group conf 3 1-2,text,true,,231,158,5,5,http://localhost:8080/?token=495352458&user=-2105144270&config=3,395,0,0
1745479224496,394,HTTP Request,200,OK,Thread Group conf 3 1-5,text,true,,231,158,5,5,http://localhost:8080/?token=495352458&user=-2105144270&config=3,394,0,0
1745479225996,391,HTTP Request,200,OK,Thread Group conf 3 1-5,text,true,,231,158,5,5,http://localhost:8080/?token=495352458&user=-2105144270&config=3,391,0,0
1745479225993,401,HTTP Request,200,OK,Thread Group conf 3 1-1,text,true,,231,158,5,5,http://localhost:8080/?token=495352458&user=-2105144270&config=3,401,0,0
1745479225994,400,HTTP Request,200,OK,Thread Group conf 3 1-2,text,true,,231,158,5,5,http://localhost:8080/?token=495352458&user=-2105144270&config=3,400,0,0
1745479225996,398,HTTP Request,200,OK,Thread Group conf 3 1-4,text,true,,231,158,5,5,http://localhost:8080/?token=495352458&user=-2105144270&config=3,398,0,0
1745479225993,401,HTTP Request,200,OK,Thread Group conf 3 1-3,text,true,,231,158,5,5,http://localhost:8080/?token=495352458&user=-2105144270&config=3,401,0,0
1745479227495,394,HTTP Request,200,OK,Thread Group conf 3 1-4,text,true,,231,158,5,5,http://localhost:8080/?token=495352458&user=-2105144270&config=3,394,0,0
1745479227495,394,HTTP Request,200,OK,Thread Group conf 3 1-5,text,true,,231,158,5,5,http://localhost:8080/?token=495352458&user=-2105144270&config=3,394,0,0
1745479227494,397,HTTP Request,200,OK,Thread Group conf 3 1-1,text,true,,231,158,5,5,http://localhost:8080/?token=495352458&user=-2105144270&config=3,397,0,0
1745479227493,398,HTTP Request,200,OK,Thread Group conf 3 1-2,text,true,,231,158,5,5,http://localhost:8080/?token=495352458&user=-2105144270&config=3,395,0,0
1745479227490,399,HTTP Request,200,OK,Thread Group conf 3 1-3,text,true,,231,158,5,5,http://localhost:8080/?token=495352458&user=-2105144270&config=3,398,0,0
1745479228994,438,HTTP Request,200,OK,Thread Group conf 3 1-2,text,true,,231,158,5,5,http://localhost:8080/?token=495352458&user=-2105144270&config=3,438,0,0
1745479228993,442,HTTP Request,200,OK,Thread Group conf 3 1-3,text,true,,231,158,5,5,http://localhost:8080/?token=495352458&user=-2105144270&config=3,442,0,0
1745479228995,441,HTTP Request,200,OK,Thread Group conf 3 1-1,text,true,,231,158,5,5,http://localhost:8080/?token=495352458&user=-2105144270&config=3,441,0,0
1745479228994,443,HTTP Request,200,OK,Thread Group conf 3 1-4,text,true,,231,158,5,5,http://localhost:8080/?token=495352458&user=-2105144270&config=3,443,0,0
1745479228995,442,HTTP Request,200,OK,Thread Group conf 3 1-5,text,true,,231,158,5,5,http://localhost:8080/?token=495352458&user=-2105144270&config=3,442,0,0
1745479230492,477,HTTP Request,200,OK,Thread Group conf 3 1-2,text,true,,231,158,5,5,http://localhost:8080/?token=495352458&user=-2105144270&config=3,477,0,0
1745479230490,479,HTTP Request,200,OK,Thread Group conf 3 1-1,text,true,,231,158,5,5,http://localhost:8080/?token=495352458&user=-2105144270&config=3,479,0,0
1745479230492,479,HTTP Request,200,OK,Thread Group conf 3 1-4,text,true,,231,158,5,5,http://localhost:8080/?token=495352458&user=-2105144270&config=3,479,0,0
1745479230490,479,HTTP Request,200,OK,Thread Group conf 3 1-3,text,true,,231,158,5,5,http://localhost:8080/?token=495352458&user=-2105144270&config=3,479,0,0
1745479230492,479,HTTP Request,200,OK,Thread Group conf 3 1-5,text,true,,231,158,5,5,http://localhost:8080/?token=495352458&user=-2105144270&config=3,479,0,0
1745479231993,511,HTTP Request,200,OK,Thread Group conf 3 1-3,text,true,,231,158,5,5,http://localhost:8080/?token=495352458&user=-2105144270&config=3,511,0,0
1745479231990,514,HTTP Request,200,OK,Thread Group conf 3 1-1,text,true,,231,158,5,5,http://localhost:8080/?token=495352458&user=-2105144270&config=3,514,0,0
1745479231993,512,HTTP Request,200,OK,Thread Group conf 3 1-4,text,true,,231,158,5,5,http://localhost:8080/?token=495352458&user=-2105144270&config=3,512,0,0
1745479231993,513,HTTP Request,200,OK,Thread Group conf 3 1-5,text,true,,231,158,5,5,http://localhost:8080/?token=495352458&user=-2105144270&config=3,513,0,0
1745479231993,513,HTTP Request,200,OK,Thread Group conf 3 1-2,text,true,,231,158,5,5,http://localhost:8080/?token=495352458&user=-2105144270&config=3,513,0,0
1745479233494,445,HTTP Request,200,OK,Thread Group conf 3 1-3,text,true,,231,158,5,5,http://localhost:8080/?token=495352458&user=-2105144270&config=3,445,0,0
1745479233496,442,HTTP Request,200,OK,Thread Group conf 3 1-2,text,true,,231,158,5,5,http://localhost:8080/?token=495352458&user=-2105144270&config=3,442,0,0
1745479233494,446,HTTP Request,200,OK,Thread Group conf 3 1-1,text,true,,231,158,5,5,http://localhost:8080/?token=495352458&user=-2105144270&config=3,446,0,0
1745479233496,444,HTTP Request,200,OK,Thread Group conf 3 1-4,text,true,,231,158,5,5,http://localhost:8080/?token=495352458&user=-2105144270&config=3,444,0,0
1745479233497,443,HTTP Request,200,OK,Thread Group conf 3 1-5,text,true,,231,158,5,5,http://localhost:8080/?token=495352458&user=-2105144270&config=3,443,0,0
1745479234994,407,HTTP Request,200,OK,Thread Group conf 3 1-4,text,true,,231,158,5,5,http://localhost:8080/?token=495352458&user=-2105144270&config=3,407,0,0
1745479234992,409,HTTP Request,200,OK,Thread Group conf 3 1-5,text,true,,231,158,5,5,http://localhost:8080/?token=495352458&user=-2105144270&config=3,409,0,0
1745479234992,414,HTTP Request,200,OK,Thread Group conf 3 1-1,text,true,,231,158,5,5,http://localhost:8080/?token=495352458&user=-2105144270&config=3,414,0,0
1745479234994,412,HTTP Request,200,OK,Thread Group conf 3 1-2,text,true,,231,158,5,5,http://localhost:8080/?token=495352458&user=-2105144270&config=3,412,0,0
1745479234994,412,HTTP Request,200,OK,Thread Group conf 3 1-3,text,true,,231,158,5,5,http://localhost:8080/?token=495352458&user=-2105144270&config=3,412,0,0
1745479236494,399,HTTP Request,200,OK,Thread Group conf 3 1-3,text,true,,231,158,5,5,http://localhost:8080/?token=495352458&user=-2105144270&config=3,399,0,0
1745479236494,400,HTTP Request,200,OK,Thread Group conf 3 1-1,text,true,,231,158,5,5,http://localhost:8080/?token=495352458&user=-2105144270&config=3,400,0,0
1745479236496,399,HTTP Request,200,OK,Thread Group conf 3 1-2,text,true,,231,158,5,5,http://localhost:8080/?token=495352458&user=-2105144270&config=3,399,0,0
1745479236496,399,HTTP Request,200,OK,Thread Group conf 3 1-4,text,true,,231,158,5,5,http://localhost:8080/?token=495352458&user=-2105144270&config=3,399,0,0
1745479236496,399,HTTP Request,200,OK,Thread Group conf 3 1-5,text,true,,231,158,5,5,http://localhost:8080/?token=495352458&user=-2105144270&config=3,399,0,0
1745479237989,380,HTTP Request,200,OK,Thread Group conf 3 1-1,text,true,,231,158,5,5,http://localhost:8080/?token=495352458&user=-2105144270&config=3,380,0,0
1745479237993,376,HTTP Request,200,OK,Thread Group conf 3 1-2,text,true,,231,158,5,5,http://localhost:8080/?token=495352458&user=-2105144270&config=3,376,0,0
1745479237994,379,HTTP Request,200,OK,Thread Group conf 3 1-5,text,true,,231,158,5,5,http://localhost:8080/?token=495352458&user=-2105144270&config=3,379,0,0
1745479237993,380,HTTP Request,200,OK,Thread Group conf 3 1-3,text,true,,231,158,5,5,http://localhost:8080/?token=495352458&user=-2105144270&config=3,380,0,0
1745479237994,388,HTTP Request,200,OK,Thread Group conf 3 1-4,text,true,,231,158,5,5,http://localhost:8080/?token=495352458&user=-2105144270&config=3,387,0,0
1745479239495,486,HTTP Request,200,OK,Thread Group conf 3 1-3,text,true,,231,158,5,5,http://localhost:8080/?token=495352458&user=-2105144270&config=3,486,0,0
1745479239493,488,HTTP Request,200,OK,Thread Group conf 3 1-1,text,true,,231,158,5,5,http://localhost:8080/?token=495352458&user=-2105144270&config=3,488,0,0
1745479239493,490,HTTP Request,200,OK,Thread Group conf 3 1-2,text,true,,231,158,5,5,http://localhost:8080/?token=495352458&user=-2105144270&config=3,490,0,0
1745479239494,489,HTTP Request,200,OK,Thread Group conf 3 1-4,text,true,,231,158,5,5,http://localhost:8080/?token=495352458&user=-2105144270&config=3,489,0,0
1745479239496,487,HTTP Request,200,OK,Thread Group conf 3 1-5,text,true,,231,158,5,5,http://localhost:8080/?token=495352458&user=-2105144270&config=3,487,0,0
1745479240993,421,HTTP Request,200,OK,Thread Group conf 3 1-3,text,true,,231,158,5,5,http://localhost:8080/?token=495352458&user=-2105144270&config=3,421,0,0
1745479240993,421,HTTP Request,200,OK,Thread Group conf 3 1-5,text,true,,231,158,5,5,http://localhost:8080/?token=495352458&user=-2105144270&config=3,421,0,0
1745479240993,423,HTTP Request,200,OK,Thread Group conf 3 1-1,text,true,,231,158,5,5,http://localhost:8080/?token=495352458&user=-2105144270&config=3,423,0,0
1745479240993,423,HTTP Request,200,OK,Thread Group conf 3 1-2,text,true,,231,158,5,5,http://localhost:8080/?token=495352458&user=-2105144270&config=3,423,0,0
1745479240993,423,HTTP Request,200,OK,Thread Group conf 3 1-4,text,true,,231,158,5,5,http://localhost:8080/?token=495352458&user=-2105144270&config=3,423,0,0
1745479242496,556,HTTP Request,200,OK,Thread Group conf 3 1-5,text,true,,231,158,5,5,http://localhost:8080/?token=495352458&user=-2105144270&config=3,555,0,0
1745479242494,559,HTTP Request,200,OK,Thread Group conf 3 1-2,text,true,,231,158,5,5,http://localhost:8080/?token=495352458&user=-2105144270&config=3,559,0,0
1745479242496,559,HTTP Request,200,OK,Thread Group conf 3 1-4,text,true,,231,158,5,5,http://localhost:8080/?token=495352458&user=-2105144270&config=3,559,0,0
1745479242496,556,HTTP Request,200,OK,Thread Group conf 3 1-3,text,true,,231,158,5,5,http://localhost:8080/?token=495352458&user=-2105144270&config=3,556,0,0
1745479242494,559,HTTP Request,200,OK,Thread Group conf 3 1-1,text,true,,231,158,5,5,http://localhost:8080/?token=495352458&user=-2105144270&config=3,559,0,0
1745479243992,447,HTTP Request,200,OK,Thread Group conf 3 1-3,text,true,,231,158,5,5,http://localhost:8080/?token=495352458&user=-2105144270&config=3,447,0,0
1745479243995,445,HTTP Request,200,OK,Thread Group conf 3 1-2,text,true,,231,158,5,5,http://localhost:8080/?token=495352458&user=-2105144270&config=3,445,0,0
1745479243995,445,HTTP Request,200,OK,Thread Group conf 3 1-4,text,true,,231,158,5,5,http://localhost:8080/?token=495352458&user=-2105144270&config=3,445,0,0
1745479243995,446,HTTP Request,200,OK,Thread Group conf 3 1-5,text,true,,231,158,5,5,http://localhost:8080/?token=495352458&user=-2105144270&config=3,446,0,0
1745479243994,445,HTTP Request,200,OK,Thread Group conf 3 1-1,text,true,,231,158,5,5,http://localhost:8080/?token=495352458&user=-2105144270&config=3,445,0,0
1745479245492,388,HTTP Request,200,OK,Thread Group conf 3 1-4,text,true,,231,158,5,5,http://localhost:8080/?token=495352458&user=-2105144270&config=3,388,0,0
1745479245494,408,HTTP Request,200,OK,Thread Group conf 3 1-2,text,true,,231,158,5,5,http://localhost:8080/?token=495352458&user=-2105144270&config=3,408,0,0
1745479245492,410,HTTP Request,200,OK,Thread Group conf 3 1-5,text,true,,231,158,5,5,http://localhost:8080/?token=495352458&user=-2105144270&config=3,410,0,0
1745479245492,409,HTTP Request,200,OK,Thread Group conf 3 1-1,text,true,,231,158,5,5,http://localhost:8080/?token=495352458&user=-2105144270&config=3,409,0,0
1745479245494,407,HTTP Request,200,OK,Thread Group conf 3 1-3,text,true,,231,158,5,5,http://localhost:8080/?token=495352458&user=-2105144270&config=3,407,0,0
1745479246993,467,HTTP Request,200,OK,Thread Group conf 3 1-4,text,true,,231,158,5,5,http://localhost:8080/?token=495352458&user=-2105144270&config=3,467,0,1
1745479246989,473,HTTP Request,200,OK,Thread Group conf 3 1-1,text,true,,231,158,5,5,http://localhost:8080/?token=495352458&user=-2105144270&config=3,473,0,5
1745479246993,469,HTTP Request,200,OK,Thread Group conf 3 1-2,text,true,,231,158,5,5,http://localhost:8080/?token=495352458&user=-2105144270&config=3,469,0,1
1745479246993,467,HTTP Request,200,OK,Thread Group conf 3 1-5,text,true,,231,158,5,5,http://localhost:8080/?token=495352458&user=-2105144270&config=3,467,0,1
1745479246990,472,HTTP Request,200,OK,Thread Group conf 3 1-3,text,true,,231,158,5,5,http://localhost:8080/?token=495352458&user=-2105144270&config=3,472,0,4
1745479248495,404,HTTP Request,200,OK,Thread Group conf 3 1-2,text,true,,231,158,5,5,http://localhost:8080/?token=495352458&user=-2105144270&config=3,404,0,0
1745479248496,403,HTTP Request,200,OK,Thread Group conf 3 1-5,text,true,,231,158,5,5,http://localhost:8080/?token=495352458&user=-2105144270&config=3,403,0,0
1745479248496,406,HTTP Request,200,OK,Thread Group conf 3 1-3,text,true,,231,158,5,5,http://localhost:8080/?token=495352458&user=-2105144270&config=3,406,0,0
1745479248493,412,HTTP Request,200,OK,Thread Group conf 3 1-1,text,true,,231,158,5,5,http://localhost:8080/?token=495352458&user=-2105144270&config=3,412,0,0
1745479248497,413,HTTP Request,200,OK,Thread Group conf 3 1-4,text,true,,231,158,5,5,http://localhost:8080/?token=495352458&user=-2105144270&config=3,413,0,0
1745479249993,380,HTTP Request,200,OK,Thread Group conf 3 1-5,text,true,,231,158,5,5,http://localhost:8080/?token=495352458&user=-2105144270&config=3,379,0,0
1745479249994,383,HTTP Request,200,OK,Thread Group conf 3 1-1,text,true,,231,158,5,5,http://localhost:8080/?token=495352458&user=-2105144270&config=3,383,0,0
1745479249994,384,HTTP Request,200,OK,Thread Group conf 3 1-3,text,true,,231,158,5,5,http://localhost:8080/?token=495352458&user=-2105144270&config=3,384,0,0
1745479249994,384,HTTP Request,200,OK,Thread Group conf 3 1-4,text,true,,231,158,5,5,http://localhost:8080/?token=495352458&user=-2105144270&config=3,384,0,0
1745479249991,386,HTTP Request,200,OK,Thread Group conf 3 1-2,text,true,,231,158,5,5,http://localhost:8080/?token=495352458&user=-2105144270&config=3,386,0,0
1745479251494,407,HTTP Request,200,OK,Thread Group conf 3 1-3,text,true,,231,158,5,5,http://localhost:8080/?token=495352458&user=-2105144270&config=3,407,0,0
1745479251494,414,HTTP Request,200,OK,Thread Group conf 3 1-1,text,true,,231,158,5,5,http://localhost:8080/?token=495352458&user=-2105144270&config=3,414,0,0
1745479251495,413,HTTP Request,200,OK,Thread Group conf 3 1-4,text,true,,231,158,5,5,http://localhost:8080/?token=495352458&user=-2105144270&config=3,413,0,0
1745479251492,417,HTTP Request,200,OK,Thread Group conf 3 1-5,text,true,,231,158,5,5,http://localhost:8080/?token=495352458&user=-2105144270&config=3,417,0,0
1745479251494,415,HTTP Request,200,OK,Thread Group conf 3 1-2,text,true,,231,158,5,5,http://localhost:8080/?token=495352458&user=-2105144270&config=3,414,0,0
1745479252992,374,HTTP Request,200,OK,Thread Group conf 3 1-4,text,true,,231,158,5,5,http://localhost:8080/?token=495352458&user=-2105144270&config=3,373,0,0
1745479252990,381,HTTP Request,200,OK,Thread Group conf 3 1-2,text,true,,231,158,5,5,http://localhost:8080/?token=495352458&user=-2105144270&config=3,381,0,0
1745479252993,378,HTTP Request,200,OK,Thread Group conf 3 1-5,text,true,,231,158,5,5,http://localhost:8080/?token=495352458&user=-2105144270&config=3,378,0,0
1745479252994,377,HTTP Request,200,OK,Thread Group conf 3 1-3,text,true,,231,158,5,5,http://localhost:8080/?token=495352458&user=-2105144270&config=3,377,0,0
1745479252994,417,HTTP Request,200,OK,Thread Group conf 3 1-1,text,true,,231,158,5,5,http://localhost:8080/?token=495352458&user=-2105144270&config=3,417,0,0
1745479254496,386,HTTP Request,200,OK,Thread Group conf 3 1-2,text,true,,231,158,5,5,http://localhost:8080/?token=495352458&user=-2105144270&config=3,386,0,0
1745479254496,387,HTTP Request,200,OK,Thread Group conf 3 1-4,text,true,,231,158,5,5,http://localhost:8080/?token=495352458&user=-2105144270&config=3,387,0,0
1745479254496,388,HTTP Request,200,OK,Thread Group conf 3 1-5,text,true,,231,158,5,5,http://localhost:8080/?token=495352458&user=-2105144270&config=3,388,0,0
1745479254495,390,HTTP Request,200,OK,Thread Group conf 3 1-1,text,true,,231,158,5,5,http://localhost:8080/?token=495352458&user=-2105144270&config=3,390,0,0
1745479254494,392,HTTP Request,200,OK,Thread Group conf 3 1-3,text,true,,231,158,5,5,http://localhost:8080/?token=495352458&user=-2105144270&config=3,392,0,0
1745479255993,389,HTTP Request,200,OK,Thread Group conf 3 1-1,text,true,,231,158,5,5,http://localhost:8080/?token=495352458&user=-2105144270&config=3,388,0,0
1745479255995,388,HTTP Request,200,OK,Thread Group conf 3 1-5,text,true,,231,158,5,5,http://localhost:8080/?token=495352458&user=-2105144270&config=3,386,0,0
1745479255995,391,HTTP Request,200,OK,Thread Group conf 3 1-3,text,true,,231,158,5,5,http://localhost:8080/?token=495352458&user=-2105144270&config=3,391,0,0
1745479255993,393,HTTP Request,200,OK,Thread Group conf 3 1-2,text,true,,231,158,5,5,http://localhost:8080/?token=495352458&user=-2105144270&config=3,393,0,0
1745479255996,390,HTTP Request,200,OK,Thread Group conf 3 1-4,text,true,,231,158,5,5,http://localhost:8080/?token=495352458&user=-2105144270&config=3,390,0,0
1745479257496,508,HTTP Request,200,OK,Thread Group conf 3 1-2,text,true,,231,158,5,5,http://localhost:8080/?token=495352458&user=-2105144270&config=3,508,0,0
1745479257495,511,HTTP Request,200,OK,Thread Group conf 3 1-1,text,true,,231,158,5,5,http://localhost:8080/?token=495352458&user=-2105144270&config=3,511,0,0
1745479257495,512,HTTP Request,200,OK,Thread Group conf 3 1-3,text,true,,231,158,5,5,http://localhost:8080/?token=495352458&user=-2105144270&config=3,512,0,0
1745479257496,511,HTTP Request,200,OK,Thread Group conf 3 1-4,text,true,,231,158,5,5,http://localhost:8080/?token=495352458&user=-2105144270&config=3,511,0,0
1745479257496,512,HTTP Request,200,OK,Thread Group conf 3 1-5,text,true,,231,158,5,5,http://localhost:8080/?token=495352458&user=-2105144270&config=3,512,0,0
1745479258992,396,HTTP Request,200,OK,Thread Group conf 3 1-1,text,true,,231,158,5,5,http://localhost:8080/?token=495352458&user=-2105144270&config=3,396,0,0
1745479258993,396,HTTP Request,200,OK,Thread Group conf 3 1-3,text,true,,231,158,5,5,http://localhost:8080/?token=495352458&user=-2105144270&config=3,396,0,0
1745479258994,396,HTTP Request,200,OK,Thread Group conf 3 1-4,text,true,,231,158,5,5,http://localhost:8080/?token=495352458&user=-2105144270&config=3,396,0,0
1745479258994,396,HTTP Request,200,OK,Thread Group conf 3 1-5,text,true,,231,158,5,5,http://localhost:8080/?token=495352458&user=-2105144270&config=3,396,0,0
1745479258992,396,HTTP Request,200,OK,Thread Group conf 3 1-2,text,true,,231,158,5,5,http://localhost:8080/?token=495352458&user=-2105144270&config=3,396,0,0
1745479260494,421,HTTP Request,200,OK,Thread Group conf 3 1-2,text,true,,231,158,5,5,http://localhost:8080/?token=495352458&user=-2105144270&config=3,421,0,0
1745479260492,428,HTTP Request,200,OK,Thread Group conf 3 1-1,text,true,,231,158,5,5,http://localhost:8080/?token=495352458&user=-2105144270&config=3,428,0,0
1745479260494,427,HTTP Request,200,OK,Thread Group conf 3 1-3,text,true,,231,158,5,5,http://localhost:8080/?token=495352458&user=-2105144270&config=3,427,0,0
1745479260494,428,HTTP Request,200,OK,Thread Group conf 3 1-4,text,true,,231,158,5,5,http://localhost:8080/?token=495352458&user=-2105144270&config=3,428,0,0
1745479260492,430,HTTP Request,200,OK,Thread Group conf 3 1-5,text,true,,231,158,5,5,http://localhost:8080/?token=495352458&user=-2105144270&config=3,430,0,0
1745479261991,378,HTTP Request,200,OK,Thread Group conf 3 1-3,text,true,,231,158,5,5,http://localhost:8080/?token=495352458&user=-2105144270&config=3,378,0,0
1745479261991,382,HTTP Request,200,OK,Thread Group conf 3 1-2,text,true,,231,158,5,5,http://localhost:8080/?token=495352458&user=-2105144270&config=3,382,0,0
1745479261991,383,HTTP Request,200,OK,Thread Group conf 3 1-5,text,true,,231,158,5,5,http://localhost:8080/?token=495352458&user=-2105144270&config=3,383,0,0
1745479261991,383,HTTP Request,200,OK,Thread Group conf 3 1-4,text,true,,231,158,5,5,http://localhost:8080/?token=495352458&user=-2105144270&config=3,383,0,0
1745479261991,382,HTTP Request,200,OK,Thread Group conf 3 1-1,text,true,,231,158,5,5,http://localhost:8080/?token=495352458&user=-2105144270&config=3,382,0,0
1745479263493,426,HTTP Request,200,OK,Thread Group conf 3 1-2,text,true,,231,158,5,5,http://localhost:8080/?token=495352458&user=-2105144270&config=3,426,0,0
1745479263494,425,HTTP Request,200,OK,Thread Group conf 3 1-1,text,true,,231,158,5,5,http://localhost:8080/?token=495352458&user=-2105144270&config=3,425,0,0
1745479263494,426,HTTP Request,200,OK,Thread Group conf 3 1-3,text,true,,231,158,5,5,http://localhost:8080/?token=495352458&user=-2105144270&config=3,426,0,0
1745479263494,426,HTTP Request,200,OK,Thread Group conf 3 1-4,text,true,,231,158,5,5,http://localhost:8080/?token=495352458&user=-2105144270&config=3,426,0,0
1745479263494,427,HTTP Request,200,OK,Thread Group conf 3 1-5,text,true,,231,158,5,5,http://localhost:8080/?token=495352458&user=-2105144270&config=3,427,0,0
1745479264990,373,HTTP Request,200,OK,Thread Group conf 3 1-1,text,true,,231,158,5,5,http://localhost:8080/?token=495352458&user=-2105144270&config=3,373,0,0
1745479264992,371,HTTP Request,200,OK,Thread Group conf 3 1-4,text,true,,231,158,5,5,http://localhost:8080/?token=495352458&user=-2105144270&config=3,371,0,0
1745479264990,384,HTTP Request,200,OK,Thread Group conf 3 1-3,text,true,,231,158,5,5,http://localhost:8080/?token=495352458&user=-2105144270&config=3,384,0,0
1745479264992,399,HTTP Request,200,OK,Thread Group conf 3 1-2,text,true,,231,158,5,5,http://localhost:8080/?token=495352458&user=-2105144270&config=3,398,0,0
1745479264994,397,HTTP Request,200,OK,Thread Group conf 3 1-5,text,true,,231,158,5,5,http://localhost:8080/?token=495352458&user=-2105144270&config=3,396,0,0
1745479266496,408,HTTP Request,200,OK,Thread Group conf 3 1-4,text,true,,231,158,5,5,http://localhost:8080/?token=495352458&user=-2105144270&config=3,408,0,0
1745479266494,415,HTTP Request,200,OK,Thread Group conf 3 1-3,text,true,,231,158,5,5,http://localhost:8080/?token=495352458&user=-2105144270&config=3,415,0,0
1745479266496,413,HTTP Request,200,OK,Thread Group conf 3 1-1,text,true,,231,158,5,5,http://localhost:8080/?token=495352458&user=-2105144270&config=3,413,0,0
1745479266497,413,HTTP Request,200,OK,Thread Group conf 3 1-5,text,true,,231,158,5,5,http://localhost:8080/?token=495352458&user=-2105144270&config=3,413,0,0
1745479266494,416,HTTP Request,200,OK,Thread Group conf 3 1-2,text,true,,231,158,5,5,http://localhost:8080/?token=495352458&user=-2105144270&config=3,415,0,0
1745479267992,376,HTTP Request,200,OK,Thread Group conf 3 1-2,text,true,,231,158,5,5,http://localhost:8080/?token=495352458&user=-2105144270&config=3,375,0,0
1745479267994,374,HTTP Request,200,OK,Thread Group conf 3 1-4,text,true,,231,158,5,5,http://localhost:8080/?token=495352458&user=-2105144270&config=3,374,0,0
1745479267992,381,HTTP Request,200,OK,Thread Group conf 3 1-5,text,true,,231,158,5,5,http://localhost:8080/?token=495352458&user=-2105144270&config=3,381,0,0
1745479267994,379,HTTP Request,200,OK,Thread Group conf 3 1-1,text,true,,231,158,5,5,http://localhost:8080/?token=495352458&user=-2105144270&config=3,379,0,0
1745479267994,379,HTTP Request,200,OK,Thread Group conf 3 1-3,text,true,,231,158,5,5,http://localhost:8080/?token=495352458&user=-2105144270&config=3,379,0,0
1745479269492,382,HTTP Request,200,OK,Thread Group conf 3 1-1,text,true,,231,158,5,5,http://localhost:8080/?token=495352458&user=-2105144270&config=3,381,0,0
1745479269493,381,HTTP Request,200,OK,Thread Group conf 3 1-2,text,true,,231,158,5,5,http://localhost:8080/?token=495352458&user=-2105144270&config=3,380,0,0
1745479269492,383,HTTP Request,200,OK,Thread Group conf 3 1-3,text,true,,231,158,5,5,http://localhost:8080/?token=495352458&user=-2105144270&config=3,383,0,0
1745479269493,382,HTTP Request,200,OK,Thread Group conf 3 1-4,text,true,,231,158,5,5,http://localhost:8080/?token=495352458&user=-2105144270&config=3,382,0,0
1745479269490,385,HTTP Request,200,OK,Thread Group conf 3 1-5,text,true,,231,158,5,5,http://localhost:8080/?token=495352458&user=-2105144270&config=3,385,0,0
1745479270994,444,HTTP Request,200,OK,Thread Group conf 3 1-2,text,true,,231,158,5,5,http://localhost:8080/?token=495352458&user=-2105144270&config=3,444,0,0
1745479270994,444,HTTP Request,200,OK,Thread Group conf 3 1-1,text,true,,231,158,5,5,http://localhost:8080/?token=495352458&user=-2105144270&config=3,444,0,0
1745479270996,444,HTTP Request,200,OK,Thread Group conf 3 1-3,text,true,,231,158,5,5,http://localhost:8080/?token=495352458&user=-2105144270&config=3,444,0,0
1745479270995,445,HTTP Request,200,OK,Thread Group conf 3 1-4,text,true,,231,158,5,5,http://localhost:8080/?token=495352458&user=-2105144270&config=3,445,0,0
1745479270996,444,HTTP Request,200,OK,Thread Group conf 3 1-5,text,true,,231,158,5,5,http://localhost:8080/?token=495352458&user=-2105144270&config=3,444,0,0
1745479272493,462,HTTP Request,200,OK,Thread Group conf 3 1-3,text,true,,231,158,5,5,http://localhost:8080/?token=495352458&user=-2105144270&config=3,462,0,0
1745479272493,463,HTTP Request,200,OK,Thread Group conf 3 1-4,text,true,,231,158,5,5,http://localhost:8080/?token=495352458&user=-2105144270&config=3,463,0,0
1745479272493,462,HTTP Request,200,OK,Thread Group conf 3 1-2,text,true,,231,158,5,5,http://localhost:8080/?token=495352458&user=-2105144270&config=3,462,0,0
1745479272492,465,HTTP Request,200,OK,Thread Group conf 3 1-5,text,true,,231,158,5,5,http://localhost:8080/?token=495352458&user=-2105144270&config=3,465,0,0
1745479272492,463,HTTP Request,200,OK,Thread Group conf 3 1-1,text,true,,231,158,5,5,http://localhost:8080/?token=495352458&user=-2105144270&config=3,462,0,0
1745479273993,486,HTTP Request,200,OK,Thread Group conf 3 1-1,text,true,,231,158,5,5,http://localhost:8080/?token=495352458&user=-2105144270&config=3,486,0,0
1745479273995,485,HTTP Request,200,OK,Thread Group conf 3 1-2,text,true,,231,158,5,5,http://localhost:8080/?token=495352458&user=-2105144270&config=3,485,0,0
1745479273993,488,HTTP Request,200,OK,Thread Group conf 3 1-3,text,true,,231,158,5,5,http://localhost:8080/?token=495352458&user=-2105144270&config=3,488,0,0
1745479273995,486,HTTP Request,200,OK,Thread Group conf 3 1-4,text,true,,231,158,5,5,http://localhost:8080/?token=495352458&user=-2105144270&config=3,486,0,0
1745479273994,487,HTTP Request,200,OK,Thread Group conf 3 1-5,text,true,,231,158,5,5,http://localhost:8080/?token=495352458&user=-2105144270&config=3,487,0,0
1745479275495,408,HTTP Request,200,OK,Thread Group conf 3 1-3,text,true,,231,158,5,5,http://localhost:8080/?token=495352458&user=-2105144270&config=3,407,0,0
1745479275496,407,HTTP Request,200,OK,Thread Group conf 3 1-4,text,true,,231,158,5,5,http://localhost:8080/?token=495352458&user=-2105144270&config=3,407,0,0
1745479275497,406,HTTP Request,200,OK,Thread Group conf 3 1-2,text,true,,231,158,5,5,http://localhost:8080/?token=495352458&user=-2105144270&config=3,405,0,0
1745479275496,412,HTTP Request,200,OK,Thread Group conf 3 1-5,text,true,,231,158,2,2,http://localhost:8080/?token=495352458&user=-2105144270&config=3,412,0,0
1745479275495,413,HTTP Request,200,OK,Thread Group conf 3 1-1,text,true,,231,158,2,2,http://localhost:8080/?token=495352458&user=-2105144270&config=3,413,0,0
